#{"t_start": 1764344138.6677475, "env_id": "None"}
r,l,t
-2.139427,51,4.392682
-9.4411,51,7.537616
-8.913089,51,10.984288
-7.497675,51,14.203777
-4.489221,51,16.537107
-13.075362,145,21.151936
-4.594311,51,24.479688
-4.224222,51,27.084003
-5.450297,51,29.705279
-5.619467,51,32.629334
-7.100921,51,34.821636
-6.691923,51,37.399918
-6.603086,51,39.71995
-1.274159,51,42.089223
-6.064712,51,44.583473
-4.597648,51,47.616266
-6.568028,51,49.773078
-3.98289,51,52.124657
-0.866957,51,55.292105
137.143274,229,62.940983
59.045272,83,66.87222
-6.575762,51,69.972506
-7.376903,51,72.597698
68.774848,145,78.265806
-6.335029,51,80.994642
-6.961587,50,83.49005
-4.294344,51,85.875822
-6.337345,51,87.987324
-13.870149,51,91.064588
284.844213,430,104.901829
-7.333326,51,107.256397
-4.40341,51,109.958642
-5.834611,51,112.592286
-5.427866,51,115.162229
-10.080654,51,117.654405
-8.24979,51,119.88316
217.903393,363,133.127486
-3.592162,51,135.687864
929.867086,563,155.440887
-5.240109,51,158.178833
-5.354357,52,161.132692
-2.747991,51,163.555608
-2.900617,51,166.046399
-1.889266,51,168.82293
86.756028,167,176.303856
-5.355707,51,178.621575
-5.014496,51,181.009552
-9.277565,51,183.525726
-5.652095,52,186.754443
-6.441215,51,189.67963
-2.885159,52,192.681368
-5.170148,52,195.584456
-3.664018,51,198.169855
-7.943047,51,200.507223
-8.268726,51,202.565559
-5.056505,51,204.999778
-3.754646,51,207.73641
-3.838526,51,210.581914
-4.525921,51,213.637379
-6.030238,51,216.376554
-4.858428,51,219.513063
42.299412,111,224.253309
-0.118668,51,227.437004
-7.958952,51,230.111746
-6.594572,51,232.979604
-3.718319,50,235.656281
-3.818324,51,238.734087
-2.801384,51,241.621869
10.050389,115,246.484581
-3.058365,51,249.559994
-7.256497,51,252.106277
-6.127324,51,254.712615
19.196448,83,258.604497
-10.395181,51,261.535644
-2.365021,51,264.104987
-7.506195,51,267.610937
-6.019161,51,270.866004
571.262458,837,305.931889
-5.51609,51,308.719004
-7.403203,51,311.315813
-3.161727,51,313.752083
-4.94727,51,316.352071
-9.446869,51,318.942152
11.165928,96,323.215487
-2.00339,51,325.666857
-1.721412,51,328.325712
1968.686566,990,359.683761
-7.139257,51,362.507582
-3.716223,51,364.939034
-3.291358,51,367.682647
-5.561247,51,370.409021
-1.283799,51,372.716457
522.482018,764,397.559616
-8.027324,52,400.42945
-2.063987,51,402.683415
-3.277084,51,405.37135
-4.881978,51,407.943786
2.763971,115,412.311453
-8.872519,51,414.956357
179.921289,301,423.69831
-1.894162,51,425.934551
-4.771758,51,429.000656
-3.261106,51,431.319949
-6.12633,51,434.152118
-9.311839,51,436.875352
0.239218,51,439.533846
-2.086486,51,442.127012
-3.973013,51,445.39725
-2.712207,51,448.30975
13.388288,100,452.842856
-4.248772,51,455.366471
-7.206522,51,458.187181
-4.733027,51,460.609735
-4.919014,52,463.363068
-3.931529,52,466.254629
-0.535783,51,468.709052
-6.111162,51,471.771204
-5.125871,51,474.814668
-6.25611,51,477.394611
-8.028994,50,479.736975
-6.499242,51,483.302908
57.664889,127,489.660912
-6.955161,51,492.247344
-9.149266,51,494.885013
-3.646243,51,497.269395
-4.083603,51,499.64804
-7.253651,51,501.871244
-6.53057,51,504.597119
-8.549617,128,509.427754
-2.989875,51,511.769623
-10.437353,51,514.805627
-6.56795,51,517.613671
-0.833555,53,520.863723
-4.425475,51,524.149066
-4.27553,51,526.912184
-0.726927,51,529.703656
-5.402147,51,532.563836
-2.063032,51,534.838726
263.793127,411,553.213012
-6.444406,51,555.47224
182.099825,303,566.056168
-1.942893,51,569.366118
-5.144407,53,572.414907
-8.414149,51,575.146652
88.236874,175,581.923357
-13.981311,131,587.464082
-8.200168,51,589.774926
-6.389114,51,592.320446
-2.854417,51,594.989797
-3.255551,51,597.769031
205.538254,347,611.528921
-5.54431,51,614.309702
-1.913257,52,616.810878
-8.936118,51,619.40834
-4.72575,51,621.736745
-7.101875,51,624.114781
-4.614644,51,626.503718
-1.355683,53,629.46105
-4.393188,51,632.049279
-4.555141,51,634.519932
378.949751,552,656.34546
126.307581,246,666.968088
-5.24323,51,669.42275
0.284782,51,672.279196
5.869432,125,677.663146
-6.561103,51,680.295136
-7.084776,51,683.042292
311.311531,473,701.194649
-4.952199,51,703.80629
-11.9922,51,705.981133
-8.73775,51,708.447178
-3.682461,53,710.842708
-7.950265,51,713.631955
-4.503839,51,716.025808
-8.569615,51,718.194455
-9.297775,51,720.723825
-6.955195,51,723.50803
-3.411823,51,726.156661
589.815385,865,750.919937
-6.968365,51,754.006216
-4.680261,50,757.773124
-2.817537,51,761.081892
-4.082505,51,763.751754
-7.717019,51,766.561084
-4.070742,51,769.677306
-4.932074,51,772.634004
-8.635974,51,775.055694
-5.383111,51,777.75503
-5.947599,51,780.598996
-4.329507,51,783.808417
-5.059834,51,786.474867
-0.796772,51,789.608163
-2.898428,51,792.363931
-5.777156,51,794.743908
-11.795082,51,797.157209
-7.42333,51,799.721602
-6.590165,51,802.146224
213.094924,363,813.827653
-4.219854,51,816.727511
-11.031339,51,819.725388
-5.84418,51,822.977201
-6.069007,51,825.34644
-2.066705,51,828.33631
-5.335665,51,831.415228
25.039892,105,836.354894
-3.378072,51,839.438161
893.78591,1319,876.512955
468.123936,742,899.408842
-3.57557,51,902.055176
462.221149,680,927.529809
230.268863,366,938.412565
-5.480428,51,940.949986
-5.019299,51,943.643938
-9.0796,51,946.213156
-6.989487,51,948.781465
-4.813667,51,951.400608
-4.309966,51,953.908062
-5.009768,51,956.24948
-2.251305,51,958.758106
142.854152,240,968.120998
718.013289,1121,1009.12312
-4.960595,51,1011.518858
-5.705466,51,1014.323169
-3.776053,51,1016.707933
-8.045614,51,1018.813746
-5.416632,53,1021.330589
-9.396809,50,1023.692786
790.324431,1119,1060.48271
-10.077156,51,1062.887717
-6.305478,51,1066.178108
-11.844641,52,1069.249719
-4.064444,50,1072.059747
-5.444892,51,1074.52587
-5.239333,51,1077.206054
-5.216697,51,1080.126442
-1.493531,51,1082.721166
-4.77344,51,1085.210816
375.864048,554,1102.242429
-7.372001,51,1104.663282
-10.415377,51,1107.252302
-5.668972,51,1110.435608
-6.282152,51,1113.245142
-3.027545,51,1116.57802
-6.55809,52,1119.474638
774.253016,1120,1155.563283
-7.484215,51,1158.028676
-7.738332,51,1160.273025
-5.295328,51,1162.933187
-7.890387,52,1165.5356
-3.783349,51,1168.320779
-4.838594,51,1171.012969
220.434493,365,1183.48564
-8.422555,51,1186.511838
-7.559575,51,1189.236316
-3.382252,53,1192.17907
-6.212724,52,1194.907832
-7.392888,51,1197.496391
-7.301016,51,1200.226503
-4.996177,51,1202.520795
-9.589868,51,1205.106444
-6.732498,51,1207.856279
-3.666856,51,1210.624465
-7.694812,51,1212.850053
-6.480945,51,1215.523779
-6.361246,51,1217.683512
0.184242,51,1220.216128
422.754315,611,1241.806117
-4.597948,51,1244.095345
-4.726627,51,1247.384066
-6.453489,51,1250.204071
39.41557,129,1255.681601
-7.329298,51,1258.662264
-4.874549,51,1261.081943
-4.125709,51,1263.714983
415.121965,602,1282.613016
-6.03022,51,1285.216722
-5.151921,51,1287.869904
-7.643759,51,1290.642996
-5.990153,51,1293.555056
-7.327431,51,1296.117453
-4.673886,51,1298.605483
-4.775856,51,1301.078897
-4.238239,52,1303.940886
-4.058023,51,1306.963442
-4.097153,51,1310.487245
-3.156993,51,1313.243386
-7.013612,51,1315.557101
-6.345502,51,1317.990358
3.419458,51,1320.739332
-7.747937,51,1323.399654
-1.768676,52,1325.776593
-3.11139,51,1328.357903
-9.726813,51,1330.885875
-2.874258,133,1336.06396
-4.245673,51,1338.426379
-3.679584,53,1341.333459
-7.406214,51,1343.943788
-3.301351,51,1346.890464
-4.570376,51,1350.581179
-4.425623,51,1353.63606
-5.324987,51,1357.06701
-4.971835,51,1360.261545
-5.180597,51,1363.933885
0.059383,51,1366.980253
170.291148,132,1372.501811
-6.315019,51,1374.799301
-4.250861,51,1377.394805
-8.771868,51,1379.716781
1.253622,51,1382.462422
648.444455,324,1395.466991
498.843959,748,1420.01955
1413.140189,739,1445.091496
229.317272,365,1456.028031
96.004706,51,1458.605729
-5.371737,51,1461.307798
-6.414072,51,1463.842955
-8.213613,51,1466.589251
829.489608,1245,1506.600788
-2.687622,51,1508.903754
0.820119,52,1511.336854
-4.499689,51,1513.914949
-1.853828,51,1517.36033
-6.50582,51,1519.896856
-5.75988,51,1522.877011
-5.081355,51,1525.86623
-2.889282,51,1529.090837
20.94488,101,1532.920236
-6.040159,51,1535.845823
-9.077099,51,1538.958867
-4.59694,51,1541.911751
-6.395108,51,1544.937137
-7.382484,51,1547.868773
-3.606043,51,1550.28838
-6.094517,51,1552.690015
-7.031613,51,1555.426857
-6.119882,51,1557.700331
-2.047025,51,1560.465807
-5.12684,51,1562.910613
-6.617818,51,1565.886661
-6.377088,52,1569.023775
-3.706189,51,1571.599039
-7.166792,51,1574.472188
-7.936425,51,1577.045578
425.523625,624,1600.94701
-8.635028,51,1603.633891
434.355034,679,1630.0715
-2.530135,51,1632.961426
-9.760723,51,1635.534518
-7.710022,51,1638.070283
-5.317414,51,1640.570014
-7.609789,51,1643.110884
-5.869657,51,1645.809543
-6.980886,51,1648.618079
-4.197292,51,1651.355561
-6.281383,51,1654.02761
20.999517,125,1660.287664
-5.404125,51,1662.653266
-4.401264,51,1665.382391
-5.442833,51,1668.074131
-4.83774,51,1670.824448
-7.990764,51,1673.436652
-4.031003,51,1676.111552
-3.608556,51,1679.874561
-6.089132,51,1682.591424
-3.420422,51,1685.153248
-4.077407,51,1687.549059
-5.722149,51,1690.297472
33.356264,101,1693.987129
-3.688196,51,1696.716737
-7.307093,51,1699.325808
-4.436115,51,1701.812372
-5.575304,52,1704.29902
-4.653361,51,1706.765973
-3.461475,52,1709.54215
-7.048584,51,1712.008641
-2.948112,51,1714.594433
-6.804354,51,1717.467451
80.445435,175,1724.450098
-7.455994,51,1727.088845
-2.8317,51,1729.528411
-7.513939,51,1732.13105
666.02497,932,1765.428232
-5.645843,51,1768.089921
-7.466643,51,1770.551947
-4.610266,51,1772.964102
-5.426636,51,1775.285523
-4.769848,51,1777.92836
-3.676995,51,1780.549708
-3.428233,51,1782.907376
-6.475443,51,1785.355789
694.79154,993,1818.263224
-3.60189,51,1820.895115
-6.072588,51,1823.295654
-6.833385,51,1825.566097
-0.319551,51,1828.425688
619.844818,867,1858.170348
758.646293,1120,1895.746756
-6.925277,51,1898.168929
-1.869981,51,1901.001454
134.400989,240,1910.564281
-4.414564,51,1913.028512
-8.978677,51,1915.854824
-8.531141,51,1918.142489
-5.672225,51,1920.828764
-3.963237,51,1924.122627
-4.22117,51,1926.844123
-8.770354,51,1929.892277
-5.344533,51,1932.377924
-6.062077,51,1935.380402
-6.290775,51,1937.536777
-1.684161,51,1940.253699
-3.115545,53,1942.505366
-4.851828,51,1944.72236
-8.283362,51,1947.237406
-11.140117,51,1950.882261
-4.38027,51,1953.915915
-4.148275,51,1956.425736
-5.42165,51,1959.088534
58.802985,83,1963.435691
-7.671273,51,1966.223742
-4.799028,51,1968.791212
-8.14161,51,1971.20866
38.196656,119,1976.230604
-3.689967,51,1979.60956
23.928432,104,1985.111062
-6.515092,51,1987.793541
-3.243761,51,1990.88068
-9.715144,51,1993.564566
-4.898213,51,1996.031984
-5.298723,51,1998.876896
-1.586766,51,2001.588408
-4.775055,51,2005.185657
-3.69632,51,2008.578072
-9.080101,51,2011.397885
-6.831202,51,2014.993858
-3.863167,51,2018.255398
-2.153154,51,2020.55629
-6.089758,51,2023.304008
-8.435374,51,2025.745509
-3.419781,51,2028.102097
-6.785148,51,2030.731334
-3.77314,51,2033.873249
-4.947118,51,2036.417082
-8.428007,51,2039.006928
23.053258,83,2043.001512
-5.201405,51,2045.674838
-2.962841,53,2049.288054
-9.014751,51,2051.938109
89.676717,177,2058.565497
560.768339,743,2081.058563
-5.847122,51,2084.091559
-5.065905,51,2086.552831
155.965145,239,2094.943301
-4.003737,51,2097.744216
-2.986526,51,2100.745653
-3.66339,51,2103.340992
-3.595743,51,2106.188204
15.756013,83,2110.285609
-7.393284,51,2114.543511
-6.864104,51,2118.150621
-6.398659,51,2121.516707
-1.318647,51,2124.794014
1292.659669,900,2168.227255
-1.217999,51,2171.416534
-2.36737,51,2175.16898
1.439733,51,2178.264913
988.879276,1310,2244.381663
3.58868,51,2247.589809
2.252341,51,2250.830548
5.640386,51,2254.169169
3.579854,51,2258.082617
2.607956,51,2262.008889
5.829055,51,2265.246399
10.428205,53,2269.094265
6.274739,51,2272.608944
599.889816,734,2309.563795
7.713168,51,2312.889819
8.950845,51,2316.491686
7.674977,51,2320.277159
9.109033,51,2323.819761
9.894893,51,2327.704176
12.93661,150,2336.776611
8.695199,51,2339.884688
10.30242,51,2343.623642
9.276938,51,2347.014038
9.404343,51,2350.453712
224.046682,273,2364.435112
18.661837,89,2369.992378
4.101452,51,2374.11262
8.308632,51,2377.285843
11.606399,51,2380.776814
11.58337,51,2383.868384
97.131267,112,2390.035791
11.458393,51,2393.255435
29.906579,63,2397.278848
31.572835,69,2401.556684
12.444571,51,2405.008923
-23.030814,45,2408.559869
11.991846,51,2411.722304
8.97837,51,2415.296382
8.085608,51,2418.834899
8.924433,51,2421.95315
14.89689,53,2425.638662
11.432195,51,2429.888025
-17.739476,57,2433.775414
11.577547,51,2437.061956
10.843007,51,2440.122447
13.109824,51,2443.395416
46.048492,119,2449.455016
9.849299,51,2453.089163
-53.858535,74,2457.724594
-16.321052,54,2461.167322
24.651188,59,2465.149911
-3.778083,138,2472.111493
-1.953982,128,2478.711411
-16.123358,115,2484.837567
-5.428556,121,2491.888156
-19.276025,104,2498.117176
26.79396,60,2501.608762
-37.352834,97,2507.545386
24.486847,63,2511.670262
11.812795,52,2514.900688
11.213317,51,2518.73027
19.037598,65,2522.948752
-30.348606,98,2528.599858
17.731651,52,2532.006466
7.500187,51,2535.293649
10.701115,51,2538.923468
20.055883,49,2542.427587
23.489213,56,2546.336071
14.923777,44,2549.811622
10.833224,51,2553.141504
12.813792,51,2556.869173
8.889913,51,2560.345532
19.028367,47,2563.494221
18.151909,55,2567.60862
-26.943313,34,2570.255282
9.191559,51,2574.400924
14.324417,44,2577.83631
10.709566,51,2581.43983
17.791119,43,2584.897143
15.475558,47,2588.24117
21.044477,52,2592.279587
20.573175,47,2595.29738
16.178238,48,2598.720168
17.721306,50,2601.880361
602.384361,508,2626.7467
-22.976364,43,2630.466813
27.010943,54,2633.863336
11.055826,51,2636.972572
10.255502,51,2641.171311
18.491879,45,2644.167238
762.961987,816,2684.607186
13.997292,51,2687.955618
-11.536349,115,2694.205658
-13.740157,103,2699.938969
1045.575214,441,2722.382104
19.910831,47,2725.471643
16.050939,48,2728.719817
-16.417032,97,2733.647778
12.637835,52,2737.190226
20.948853,56,2741.516409
-0.040413,73,2745.829391
-31.114118,40,2748.453115
9.82233,49,2751.682102
161.500163,189,2761.434556
-2.584237,52,2764.937465
2.824538,63,2769.005199
12.090357,52,2772.46679
12.97215,51,2775.918336
-12.307471,68,2780.447462
14.791519,51,2783.779652
-25.094678,111,2790.309633
177.500092,214,2802.053469
-19.296817,62,2805.924207
-17.108094,66,2809.643762
-8.893588,59,2813.599945
14.354081,51,2817.024784
-48.538745,54,2820.692063
-7.872949,57,2824.359669
1620.929598,678,2858.633446
0.417413,266,2872.448115
44.576244,162,2881.264019
-20.52261,87,2885.932628
-0.501366,80,2891.247858
13.799289,51,2895.211601
835.917966,860,2932.995141
-33.210757,99,2938.239439
-16.125316,82,2942.619586
-28.992117,104,2948.664178
14.976847,51,2951.94034
-10.880894,91,2956.994465
1.802177,250,2970.201768
-37.985494,108,2975.638715
-9.921699,89,2981.599258
13.76387,51,2985.485346
14.583514,51,2988.74316
340.976001,391,3007.882875
-11.499625,73,3012.353871
-2.453801,100,3018.605156
81.69852,188,3029.581472
-120.767017,254,3043.690585
-6.91562,86,3048.900215
11.873042,51,3052.332721
14.090106,51,3055.731758
20.79601,105,3061.577752
27.653262,78,3066.775691
187.365945,535,3092.023846
2423.853138,953,3142.546828
7.544422,76,3147.527313
14.05307,51,3150.565228
14.561837,51,3154.178989
5.260073,345,3172.769825
-3.021114,80,3177.195451
11.099251,51,3180.789831
-10.925408,76,3184.851004
-0.152635,129,3191.977834
15.072167,52,3195.607861
26.810094,108,3202.81627
-37.295945,93,3207.689629
-10.494433,75,3212.250166
9.698929,126,3219.211022
912.476302,449,3242.537944
-3.418652,71,3246.492988
-5.321795,72,3250.924241
16.994697,52,3254.301405
36.571402,89,3260.077739
15.325618,51,3263.467615
15.663809,51,3266.817793
1483.545832,774,3302.209781
556.122636,630,3332.901633
368.339001,835,3372.93918
13.881117,51,3376.309128
14.979945,51,3379.826906
8.247988,51,3383.425519
-5.111546,92,3388.523642
1.698152,71,3393.069716
13.156675,51,3397.378878
12.828379,51,3400.748435
248.738719,456,3425.190083
11.577945,51,3429.204643
60.858461,173,3439.416932
-3.270432,119,3446.464721
14.251218,53,3450.163749
313.17541,410,3470.726136
-4.752884,156,3480.155012
9.986983,51,3483.508878
11.984596,51,3486.881938
8.229361,107,3492.680237
357.12222,615,3526.455703
-11.936629,101,3532.221932
-26.372981,123,3538.385751
10.819182,51,3542.178687
404.832829,509,3565.123949
4.339894,228,3577.170817
12.894836,51,3581.210839
1.744381,51,3584.589713
10.43826,51,3588.187853
12.918969,51,3591.726233
479.255809,670,3625.212395
13.670275,79,3629.527776
6.328246,51,3632.80845
9.561012,51,3635.89161
12.983713,104,3641.845797
10.90645,51,3645.171185
95.685218,573,3673.998021
18.085512,153,3681.914772
-2.493441,86,3687.054288
798.050446,1568,3764.475915
15.969956,169,3772.593022
786.200642,1236,3836.829104
11.191938,51,3839.910071
-11.385312,165,3848.310412
317.981859,566,3878.235953
316.821458,521,3905.481462
37.614388,374,3922.962281
903.385629,1195,3979.063446
12.914212,51,3982.681134
12.326196,51,3986.93092
13.323442,66,3991.275912
41.807349,174,4000.808167
209.683876,322,4018.18811
13.215442,51,4021.949487
164.452762,490,4047.33572
12.775684,51,4050.807369
142.767391,231,4063.475414
730.988316,814,4102.328631
33.990486,163,4111.1936
1581.58459,2526,4224.207421
37.331706,69,4228.28204
17.190564,196,4238.278823
12.973041,51,4241.736054
2398.51276,1412,4314.346098
373.964657,513,4337.439534
123.589164,224,4350.011322
378.012404,685,4381.127271
12.503522,51,4384.359685
11.224941,51,4387.610375
11.152571,51,4391.123523
686.791819,764,4426.372912
436.069609,559,4454.278677
301.987917,453,4478.040284
12.096647,51,4481.368455
271.229739,447,4506.447048
10.871242,51,4509.631654
71.32247,243,4521.881674
12.025619,51,4525.739412
268.402681,466,4549.346909
19.779444,160,4558.400496
760.251839,1208,4616.27755
12.19993,51,4619.478823
1295.692663,1460,4690.586618
73.236847,118,4697.184677
779.326635,1294,4764.070232
778.867898,1025,4810.929631
217.352533,263,4823.986034
836.606154,1123,4880.23889
35.245002,171,4888.936316
184.237843,468,4910.480638
904.75826,1048,4958.074366
-30.253394,136,4965.428946
6.502862,51,4968.766009
689.992674,1289,5028.438284
3041.353855,2242,5142.423986
25.631456,99,5148.204481
1612.422163,1616,5226.218112
-24.558757,95,5231.72857
603.94906,1472,5305.67674
3294.676106,2403,5418.278287
-12.765246,112,5425.618512
85.943586,224,5437.141572
-15.015416,51,5440.736111
147.808504,222,5452.686381
1583.968336,2364,5562.421095
838.698226,920,5605.397074
1063.549261,2219,5712.852631
2233.465803,3324,5876.697629
81.913375,199,5887.253126
1958.966154,3500,6063.068839
2227.294457,2289,6171.133547
1173.143137,1286,6235.546045
1984.815442,1879,6329.427878
2068.089432,2253,6436.368387
1741.166334,2359,6548.678931
1075.593545,1786,6635.103066
1252.537555,1587,6710.197913
2267.26638,3000,6848.691827
450.473767,514,6872.554013
1446.951466,1264,6931.681206
336.947971,645,6963.559097
1735.378862,2472,7090.002006
1441.019221,1945,7191.622394
15.704015,51,7194.951612
2864.41814,3500,7376.082504
370.5691,480,7401.379969
425.764913,483,7426.032931
1012.901554,1418,7495.858414
125.93641,298,7512.008676
12.075648,51,7515.30565
1994.755339,3500,7684.536174
294.402556,330,7702.690958
28.539753,199,7712.54075
2291.421091,3500,7867.028858
784.081277,1030,7918.05846
340.314578,1051,7966.192097
289.794881,357,7983.405921
1976.023862,2958,8122.380743
800.890557,1213,8184.265958
10.886868,51,8188.014261
217.935087,303,8203.239007
1405.24553,1912,8293.216626
12.715151,51,8296.788811
152.570005,274,8310.795067
14.536276,51,8315.343161
14.808778,51,8318.839866
2115.973098,2056,8413.223907
348.27498,1131,8466.995466
5272.305606,3500,8635.10178
14.8197,51,8638.115501
4218.038697,3500,8813.414219
15.154387,51,8816.770771
1440.274221,1392,8885.092187
495.513535,679,8920.87497
873.312859,750,8955.530721
310.944614,443,8977.090003
678.19458,968,9025.218949
3331.796065,3500,9195.521224
9.389652,51,9198.704781
1027.967186,1519,9278.451558
216.511209,349,9295.682127
8.593303,51,9299.497939
1262.237917,1443,9369.155884
3748.047868,3363,9539.303105
-15.269351,117,9545.505382
632.791754,632,9574.971592
3448.655996,3287,9726.922828
1902.930353,2079,9825.2487
1169.83585,1176,9880.409239
88.964505,176,9888.835045
584.206967,923,9933.05554
497.020621,644,9964.110058
3419.575614,3500,10143.957086
587.448729,722,10180.892462
3210.227213,3500,10348.212727
3694.23804,3500,10554.31936
4311.005051,3078,10699.263952
537.993687,551,10726.906335
3882.539885,3500,10892.022966
3520.91798,3500,11065.894189
620.263554,922,11112.053363
1080.724252,1015,11157.31986
-43.581192,73,11161.57067
1609.906835,1695,11249.544564
3552.110245,3500,11423.968792
489.558545,568,11451.420857
1301.009423,1326,11518.852293
1079.920829,913,11561.477332
2021.935825,1739,11642.055769
3690.687447,3500,11802.842813
1394.51902,1721,11891.794218
119.383936,337,11908.476746
828.123084,676,11940.077006
390.284874,380,11959.602906
461.482929,560,11985.677819
2822.446438,2460,12105.896826
1977.637696,3089,12247.821306
4164.991827,3500,12409.532662
552.372916,622,12440.779054
3725.909964,3500,12608.598341
3766.534664,3500,12769.684366
1944.101582,2029,12873.450085
4320.593079,3500,13050.732061
4048.38419,3500,13221.31359
4230.971632,3500,13406.87703
1563.003521,1755,13490.535951
3778.611244,3500,13660.238803
870.849437,742,13696.092978
453.675234,748,13735.888729
4150.754335,3500,13903.659592
2225.97179,2849,14032.614167
2545.103932,2794,14166.597425
2800.271252,2299,14267.365341
1792.275312,1684,14345.355467
3928.921303,3500,14515.844522
3770.174166,3500,14679.581209
2666.508414,2145,14788.618819
3810.170868,3500,14964.996702
3313.171925,3500,15130.377365
4214.951671,3500,15301.239839
1489.007344,1636,15378.518566
2150.844064,1840,15466.186759
4253.705367,3500,15634.160935
3951.272514,3466,15794.418381
4092.421287,3500,15972.131116
116.372083,168,15981.904027
3759.505416,3500,16144.188202
406.928508,462,16167.949713
4099.000326,3364,16328.655782
3984.919349,3500,16491.097357
2634.00536,2396,16603.463062
1759.912021,1532,16682.601422
2575.09948,2228,16790.602268
4027.663198,3500,16970.066935
4788.740119,3500,17157.185225
930.611278,898,17198.195577
1995.719713,1308,17264.331623
1.659209,51,17267.630083
665.798485,597,17299.84003
1167.885905,879,17345.324714
3149.356527,3500,17516.733841
4445.622679,3500,17680.566857
3200.004571,3235,17830.130369
4454.537008,3500,18014.516073
74.252586,166,18024.793684
1150.927359,979,18080.569892
193.185984,328,18097.993
67.368817,262,18112.289208
2895.03957,2393,18226.558711
4001.178488,3500,18401.80791
2519.949161,2049,18517.650803
529.107414,495,18542.218959
5319.299601,3500,18722.320468
675.975555,702,18757.885462
810.202673,622,18786.459025
2723.039356,2184,18892.06391
1943.125546,1526,18967.832875
2381.06789,1986,19060.987908
3638.470761,3500,19228.868301
4418.432682,3500,19403.259709
232.67101,233,19415.445595
519.408289,849,19459.432546
375.332856,1071,19511.701996
2154.140732,1692,19592.224288
3154.868087,2591,19720.159663
134.395436,222,19733.753888
4223.089115,3500,19898.33518
4226.325912,3500,20073.193239
46.557899,101,20079.290356
413.291781,458,20100.797294
3470.067062,2809,20229.557001
4351.132521,3500,20385.685812
4190.882173,3500,20557.81991
90.194991,245,20569.961443
3654.818566,3500,20746.648744
4463.594981,3500,20917.123895
4715.702155,3500,21091.180646
2612.119939,1989,21188.96312
332.355555,342,21206.578234
613.97463,512,21230.7152
4025.436724,3500,21407.89673
870.474337,780,21447.057698
5209.360761,3335,21603.813897
3276.349977,2584,21731.410238
4775.90554,3079,21880.757334
4363.236761,3500,22045.211003
3619.651516,3500,22214.473449
3749.497532,3500,22385.102819
394.927763,505,22413.274891
2926.938413,2835,22543.461596
1150.428142,1246,22605.526617
3170.742581,2733,22743.503074
2359.321349,1919,22831.313377
821.906837,851,22875.16491
325.910394,417,22898.646023
4121.810603,3500,23060.859925
351.063149,396,23079.578527
4803.72081,3500,23247.848704
4774.418181,3500,23421.18578
362.461856,433,23442.109959
5579.50469,3500,23608.601151
425.31938,388,23628.062549
4323.337934,3500,23782.459417
1057.297955,812,23820.123987
264.200256,309,23835.666697
2361.601541,2044,23943.725102
4829.119076,3500,24111.309753
1772.61928,1357,24174.33662
518.338541,645,24206.005809
4430.093149,3500,24364.685083
5270.65203,3500,24551.590855
4210.383619,2976,24699.07851
87.880254,209,24710.190628
1162.09513,1367,24779.094015
1383.578162,1323,24841.625914
4762.190374,3500,25015.502996
2360.451158,2203,25131.763951
5210.518365,3500,25294.295334
1790.871484,2162,25404.75093
2165.682542,2247,25516.35177
4403.373482,3500,25682.305531
1531.792903,1757,25770.257009
754.642646,704,25804.804896
947.588694,934,25850.418466
529.037966,1334,25920.636945
1283.566604,1135,25976.234682
5620.858988,3500,26158.923285
4814.683609,3500,26337.766495
3238.340653,2358,26457.12206
4403.878537,3500,26634.12744
953.648605,1062,26683.977914
-49.227087,145,26693.545674
5120.441327,3500,26871.345764
2204.073459,1992,26963.039178
289.983098,364,26981.103736
1973.216709,1813,27067.989391
6242.139914,3500,27236.939641
2550.585865,2071,27341.705041
5134.540627,3500,27517.880725
308.196441,307,27533.095747
5424.524739,3500,27703.85792
4330.287202,3500,27881.432359
5483.978331,3500,28062.130656
1446.185411,768,28101.09669
3055.209443,2504,28226.478053
2412.963107,1991,28318.182779
4734.417929,3500,28488.595814
4146.087326,3500,28664.630133
483.173188,447,28687.878378
2806.470976,1954,28782.740943
5416.934805,3500,28983.963696
4821.435394,3500,29149.613584
1706.620311,1291,29222.57601
2884.009964,1932,29315.620705
1980.485842,1463,29384.266724
994.856236,932,29430.560855
5917.159148,3500,29597.307778
5678.184111,3500,29776.979708
4614.025509,3500,29958.261378
215.759514,309,29974.258508
5895.007373,3500,30136.880507
4688.039806,3130,30288.95585
5806.212312,3500,30458.18211
3804.708533,2353,30573.291455
3105.240193,2329,30697.37994
4851.993667,3500,30882.350517
1330.632009,1240,30940.293976
321.351034,300,30956.041906
1504.063753,839,30998.079435
670.351087,666,31028.460908
3844.142713,3500,31204.508611
1966.758674,1385,31273.290419
4371.298229,3500,31461.654381
4215.081441,3500,31631.248582
117.692834,238,31644.769653
5094.733882,3500,31817.187798
849.508724,794,31859.61267
858.034856,841,31902.585647
965.953561,1114,31957.000559
5618.071475,3500,32127.819808
531.655568,469,32154.01916
2312.161638,2048,32257.497968
3814.414805,3500,32422.433509
984.658998,962,32472.911984
5316.175733,3500,32648.233347
2471.22864,2236,32753.545944
4515.177705,2978,32901.536797
5738.886501,3500,33072.994582
2842.561256,2126,33175.514041
3460.161488,2698,33302.683589
5824.483404,3081,33447.447717
4679.630972,3500,33632.60995
6049.371361,3500,33799.6098
1377.274776,1314,33863.487004
1188.812542,815,33902.356129
5234.578537,3500,34071.566111
5036.813087,3500,34245.683967
4978.495304,3500,34416.498811
4534.47727,3500,34593.551472
6127.841266,3500,34763.308047
4675.997663,3500,34926.707489
5592.714834,3500,35106.992488
2277.091079,2235,35224.256687
5820.998114,3500,35400.667658
4906.348732,3500,35575.57653
4802.189711,3211,35740.242993
2067.931194,1552,35821.963885
549.329035,521,35848.279587
3828.519997,2654,35975.130275
1247.426695,657,36004.683264
4337.988444,3500,36179.810605
5901.273113,3500,36350.296743
2839.657038,2328,36465.661988
97.869182,251,36478.912496
4269.19892,3500,36662.878231
4331.088333,3231,36803.856863
5320.214587,2771,36939.532672
4238.991643,3500,37110.97154
1544.778742,1324,37178.979588
6128.91142,3500,37347.000228
5721.04206,3500,37511.805655
99.799461,184,37521.877611
210.560359,307,37537.189921
5359.832184,3500,37727.93194
6603.491601,3500,37894.145773
3872.836065,3500,38068.933702
443.860817,426,38092.750475
5778.426837,3500,38268.770709
1094.056851,916,38313.906495
5287.789835,3500,38477.536716
4.333037,51,38480.823447
5781.404384,3500,38657.228012
5509.180386,3500,38832.284295
5361.319801,3500,39002.8692
4802.427293,3500,39183.497046
4491.091839,3500,39357.452574
6135.262876,3500,39533.023843
4416.39782,3500,39699.506212
1660.210388,1115,39754.193125
4572.36494,3500,39912.392397
331.823188,289,39929.839637
5876.095186,3500,40104.322495
4609.395146,3500,40269.234311
5439.270503,3500,40440.737164
6341.886638,3500,40606.92942
4951.699282,3500,40773.033169
2837.567685,3500,40942.551676
5831.864053,3500,41112.774291
4951.620234,3500,41279.860382
5682.543768,3500,41448.807037
1016.363744,1080,41498.498104
4907.723814,3500,41660.789078
6135.257118,3500,41827.762841
3674.056612,3155,41995.367162
1386.808783,1044,42050.135863
1199.773234,771,42087.85376
1351.220714,1379,42156.950042
5300.610325,3500,42325.408955
5254.456919,3368,42496.889322
2880.569049,1375,42559.604232
2027.246382,1640,42647.900021
3682.877272,2460,42782.609488
5621.860833,3500,42966.373257
2311.87588,1642,43043.633321
5584.278366,3500,43223.995313
4538.308227,2728,43347.959184
5311.862335,3500,43509.213635
4565.976819,3500,43671.782405
4656.267274,3500,43841.691211
3484.560832,3209,44006.75781
2800.805378,2398,44115.395915
5000.1515,3500,44280.837196
6763.508924,3500,44440.859375
5809.17363,3162,44604.129107
4813.700784,3500,44775.142383
6165.174937,3500,44963.664222
2409.176479,1265,45027.982311
5447.631692,3202,45172.675095
5123.455695,2990,45314.786688
5692.028841,3500,45480.181235
5482.334466,3500,45659.3228
1958.600286,1700,45744.071588
5250.956679,3500,45918.303613
5599.539763,3500,46091.070254
5944.846629,3500,46258.922659
111.623222,181,46268.791924
14.344422,51,46271.780187
2803.315061,2173,46374.580657
6462.781373,3500,46542.932316
6303.154544,3500,46717.295044
1659.038034,1239,46784.192365
5971.750193,3500,46953.363871
5366.644122,3500,47131.405344
5991.798309,3500,47297.637272
4790.304937,3500,47492.225143
447.067306,370,47512.72162
1854.746517,1358,47575.102924
4936.849179,3500,47749.490683
5281.294817,3500,47952.337674
5656.807663,3500,48154.742943
4525.301238,3026,48295.532925
4368.228097,3500,48471.791995
4262.972459,3500,48634.946173
4542.80938,3500,48814.495727
4335.731779,3500,48996.592948
4098.634257,3500,49209.793296
5315.879631,3500,49403.005163
6030.137774,3500,49605.709627
5825.098796,3500,49799.786248
6903.727721,3500,49970.485363
5559.30372,3500,50153.452322
5364.318434,3500,50331.619758
5080.114369,3500,50507.544234
4783.84136,3500,50674.009813
4991.95823,3500,50843.193891
5614.750365,3500,51011.761542
3649.856382,2331,51120.649818
6079.510905,3500,51307.162365
1660.445179,1487,51378.091448
304.391959,272,51390.744599
1821.807513,1267,51451.489563
6211.634579,3500,51618.361758
433.730694,283,51631.958678
3177.612587,2391,51746.957247
4327.889344,3500,51922.750325
6157.136399,3500,52095.881265
5691.742281,3500,52264.349745
6515.780227,3500,52422.621298
1082.62018,880,52464.325216
6725.808449,3500,52636.560136
15.664533,51,52639.967041
4975.105185,3500,52810.65749
7603.554202,3500,52968.408406
5658.238254,3500,53139.598988
6005.293202,3500,53312.127685
1019.037246,845,53353.845999
2021.739776,1848,53449.880944
4490.527903,2802,53593.711987
5982.112488,3500,53768.95566
7216.060483,3500,53927.207807
5709.22128,3500,54091.218784
2484.003814,1684,54180.073246
762.920512,904,54224.404558
1619.767231,1248,54283.325468
115.927736,178,54292.671253
3075.402587,1832,54383.281007
6085.241725,3500,54560.855875
858.74387,665,54599.053864
5593.368766,3500,54796.988557
3944.643454,2871,54947.036666
6217.380452,3500,55117.151837
76.143951,118,55124.732883
5611.469634,3500,55292.832561
-21.901714,51,55296.35042
641.034658,427,55318.586577
5038.186114,3500,55480.823848
5351.776971,3500,55659.141126
4755.424717,3500,55835.975019
5580.151718,3500,56009.808999
5950.456366,3500,56181.967896
6335.151614,3500,56351.887374
1101.870512,842,56389.312019
842.169874,645,56421.59711
2466.282186,1481,56499.058166
6394.82327,3500,56667.279081
544.923117,574,56696.833378
4567.078566,2799,56833.05584
5452.931175,3500,57002.535589
2271.657151,1624,57078.019885
3843.887392,3363,57232.080183
6254.076373,3500,57402.089735
764.623518,623,57433.463023
7327.693195,3500,57623.776164
4654.387003,3500,57802.566174
5286.116008,3500,57998.796406
986.034126,818,58046.529784
1729.192685,1571,58128.55414
6332.337079,3500,58305.529873
5260.580175,3500,58482.11434
3647.709498,2603,58616.635844
6829.060763,3500,58795.162961
5662.839935,3500,58966.573474
5630.262355,3500,59142.631151
3716.597679,3500,59319.357109
5110.690055,3500,59517.573233
5417.528411,3500,59714.737854
2753.353387,2063,59820.501278
5979.14744,3500,59995.548141
5670.012475,3500,60159.455492
5416.016923,3500,60330.759324
4186.55723,3500,60496.929164
3038.954974,2006,60594.496377
1599.786755,1338,60658.367511
5811.75598,3500,60833.555419
8.69081,107,60839.253919
5494.959964,3500,61020.841098
4183.826738,2409,61142.47593
80.442162,172,61151.775587
5530.472199,3492,61325.30651
5711.483761,3500,61491.333547
2190.81934,1875,61586.188579
5746.07875,3500,61772.512111
6829.229113,3500,61950.159482
5247.418144,3500,62133.197531
5744.016764,3500,62311.906179
5813.617895,3500,62492.335068
6317.898332,3500,62673.226575
4181.804448,3463,62849.463418
857.371468,711,62887.077543
16.671552,82,62893.023178
6928.563901,3500,63087.623389
5613.032517,3500,63269.229429
6129.063217,3500,63460.37075
1599.74579,1620,63540.859578
146.643585,248,63554.310663
6282.41745,3500,63735.109467
802.731721,642,63771.876773
5088.904586,3500,63947.742379
5926.752357,3500,64149.545067
6915.191329,3500,64320.026895
5615.331783,3500,64511.558158
3256.540614,2563,64639.546485
5902.291807,3500,64824.958774
15.499733,51,64827.995226
1092.951972,908,64875.954645
5593.864854,3500,65054.742839
1879.781592,1572,65137.981003
1460.796075,1009,65189.497759
167.439065,213,65203.247533
277.071335,279,65217.629445
903.141594,765,65258.721506
6631.443264,3500,65444.897604
4018.869047,1978,65547.793655
1940.55732,1266,65618.708757
4989.330539,2544,65743.328694
4268.174511,3500,65937.066031
5939.592707,3500,66114.077056
5232.671565,3359,66277.44686
3379.640461,3500,66444.512482
2350.850292,1179,66501.755212
6842.855022,3500,66671.014638
218.384252,418,66690.809922
-3.470068,51,66694.911684
7143.927352,3500,66884.595167
5098.423781,3500,67058.134571
6262.907944,3500,67228.521551
3317.735045,1792,67316.796519
6508.444071,3500,67478.169289
4043.552838,2237,67585.868298
4850.72775,3500,67767.657738
4490.115182,2733,67900.367074
5370.099724,3500,68090.441903
4198.850965,2315,68200.276788
4081.325284,3500,68374.187465
3496.365167,2000,68487.149508
1621.043782,1061,68542.913478
6203.914912,3500,68723.354762
4897.342667,3500,68920.740935
6003.774167,3500,69093.991484
2261.493384,1609,69176.427488
5391.997724,3500,69370.743993
4536.48761,2722,69519.7455
-80.768611,23,69522.700003
14.671817,51,69528.416788
1051.804721,748,69596.89927
6430.610481,3500,69842.819106
1308.170413,1012,69891.044608
2236.756391,1705,69969.960777
6123.43709,3500,70166.928348
5907.632318,3500,70335.871749
4319.019295,2052,70431.167329
2356.430496,1774,70527.095803
2391.136196,1861,70637.212335
4663.04848,3065,70797.613633
6019.764936,3015,70950.664937
5976.633879,3500,71131.821221
5225.059135,3500,71316.522577
2392.95915,1789,71408.587477
1403.130365,1451,71477.340938
5178.673182,3500,71651.28989
362.678629,288,71667.001565
7051.014363,3500,71838.404011
5359.869919,3500,72009.11241
5803.614169,3500,72185.081617
454.503444,379,72205.029649
5290.344393,3500,72390.612853
5381.022953,3500,72565.326699
6444.548034,3500,72740.901024
5666.345928,3500,72920.281685
3974.865693,2245,73027.786331
3194.67533,1933,73130.612349
4745.254291,3500,73324.032342
6095.395177,3500,73493.808201
5048.740021,3500,73698.867885
1399.906496,1079,73755.815544
1466.140743,1288,73819.833353
4808.44252,3500,74025.258217
4957.739123,3500,74199.969464
3869.715239,3500,74370.718719
5306.082291,3500,74552.085885
5513.773007,3500,74732.035368
5676.994121,3308,74892.941187
3136.222039,2743,75040.48292
4821.708734,3500,75229.241701
6873.759077,3500,75416.279562
1258.195445,893,75465.263894
1100.117587,768,75510.549064
8.795671,51,75513.917183
5154.892306,3500,75685.426531
5869.387493,3500,75867.033666
4832.046264,3500,76041.17329
3322.26275,3185,76220.286851
5151.793434,3500,76420.941245
2963.373082,2995,76571.816458
13.377384,51,76575.520404
6768.595476,3500,76747.642524
6253.019272,3500,76914.45909
4911.776072,3500,77094.095354
6454.339113,3500,77277.215616
160.541108,223,77291.660678
2811.92857,1438,77359.310404
6286.336976,3500,77551.48199
3520.205744,2124,77669.170342
5601.184485,3500,77856.580057
6580.364323,3500,78031.136709
3859.371802,3500,78205.383109
5629.308909,3500,78384.647233
5530.286774,3500,78563.596036
1062.988392,758,78607.004659
1076.552227,780,78644.04578
186.732522,209,78654.428734
375.525738,323,78671.822462
5745.390671,3500,78849.684472
638.383083,562,78881.324638
1531.078536,1346,78953.197777
5392.778585,3500,79120.441158
6446.380746,3500,79304.959789
5123.408997,3500,79489.396125
2288.215779,1909,79585.575247
1332.580995,1222,79645.389884
5831.025492,3500,79825.000615
238.889535,213,79838.578026
6880.574217,3500,80026.88446
5398.071326,3500,80208.405488
6401.757731,3500,80404.222904
55.420041,103,80410.781597
5403.158971,3500,80580.521665
1091.731146,1085,80640.074623
3660.027906,2519,80775.492571
6842.780438,3500,80954.205539
5333.710495,3500,81131.201743
1169.057726,1046,81186.023322
5806.177177,3500,81374.529013
5206.967899,3500,81568.393747
6400.065926,3500,81737.385895
3222.043749,1906,81844.266741
1044.879166,808,81894.490495
520.069422,455,81918.175597
5696.649569,3500,82098.387531
2965.470646,1770,82200.505109
1044.321699,961,82251.639936
6738.8675,3500,82430.010576
-56.94275,46,82433.452556
6531.421766,2961,82586.293348
1386.007267,1586,82665.011951
1085.097899,950,82713.616284
7442.348048,3500,82887.794393
5233.829311,3226,83049.543888
5984.812911,3500,83230.009911
6321.73968,3500,83405.439665
1733.956126,1443,83492.238272
7471.505201,3500,83690.71103
6123.057582,3500,83873.250319
2168.985173,1251,83934.43176
1569.014194,1499,84005.497412
13.174841,51,84008.803378
-34.51435,59,84012.479389
5955.212259,3500,84196.768579
1568.792623,1364,84273.654677
3344.615227,2098,84375.60006
5877.03113,3500,84569.156955
5594.09797,3500,84744.15112
4599.532766,3500,84929.794976
4603.088339,3500,85113.384794
2616.488209,2464,85234.988283
6020.993433,3500,85412.100448
248.984843,252,85427.130273
5937.120321,3500,85595.576844
5155.784863,3500,85776.433309
5520.890939,3500,85949.36585
867.728177,676,85984.606083
1959.073413,1352,86053.584013
4818.217958,3500,86230.10419
22.816859,77,86234.321591
7011.352069,3500,86418.109345
1887.195614,1313,86480.31817
2188.378826,1482,86557.08558
6362.713649,3500,86741.807974
322.902904,390,86761.537353
2799.68552,1641,86844.548485
21.249287,51,86847.876106
1481.427345,1295,86919.402866
5799.790408,3500,87104.477023
5040.465866,3500,87281.024501
4594.019286,3500,87466.205417
7572.098567,3500,87650.885535
5046.030736,3500,87841.066202
5558.010731,3500,88008.200816
1682.711737,2121,88109.836884
156.459163,208,88120.935619
394.565322,432,88144.715978
5557.731914,3500,88331.179109
5335.083705,3500,88507.899053
2324.554476,1928,88612.077626
6140.803305,3500,88790.003137
7257.370022,3500,88968.734487
6094.764705,3500,89150.867806
4325.50429,3500,89326.842408
4697.346181,3500,89495.008379
1513.613495,1157,89550.690858
960.077122,891,89597.835315
556.101578,485,89621.316397
5788.986165,3227,89779.138161
5939.370183,3500,89951.796146
1044.430674,848,89992.402841
4621.687485,3500,90173.760046
2736.089338,2230,90278.311552
60.443428,147,90286.584313
124.230053,188,90298.18462
3181.002707,1862,90395.619272
3618.70768,2645,90526.987824
853.831172,696,90567.240248
5620.929319,3500,90738.751203
5518.203174,3500,90914.911402
4115.52203,3500,91103.20167
5414.70026,3500,91267.979034
183.639299,270,91282.884596
5417.977465,3500,91471.904386
4371.752287,3500,91652.185892
4798.222021,3500,91823.901173
48.820532,122,91830.412301
3997.601546,2970,91973.30318
704.11718,706,92009.228037
982.053273,1171,92065.853791
2100.253679,1376,92131.765753
3313.335499,2132,92232.471947
849.767449,907,92279.061447
5092.594097,3500,92458.780812
5671.198678,3424,92627.469596
33.640875,67,92631.889683
155.930199,265,92647.590409
3473.624766,2589,92775.733258
5026.3875,3500,92952.911297
4616.467739,3500,93118.426407
1989.574988,1724,93209.080686
4243.638609,3500,93382.229452
7489.506763,3500,93571.685852
5596.830998,3500,93752.431918
1890.234784,1726,93832.106018
5183.150375,3500,93996.576795
6249.063174,3500,94179.450433
2968.738316,2597,94304.52471
4994.462699,3500,94492.511535
3790.170652,3500,94668.715308
1580.462142,1210,94726.827788
893.23761,497,94750.362062
5186.399453,3048,94918.386682
6244.368392,3500,95079.714653
6876.836527,3500,95245.150848
5526.625836,3500,95436.066819
4693.557169,2399,95553.438781
4819.878364,3500,95732.447515
1119.697743,1090,95787.577179
2156.000499,1752,95872.21941
4315.799125,3500,96052.739835
5946.338408,3500,96226.916105
5978.367067,3500,96409.64032
3281.446256,1996,96509.838136
2400.234078,2136,96613.32941
4558.521153,3500,96798.65328
1451.217764,724,96835.761361
5525.149858,3500,97004.770205
2891.713845,2801,97158.183221
4210.69755,3500,97348.485652
5056.984696,3500,97529.246098
2680.132065,1642,97613.301493
1946.832045,1363,97682.250976
5552.382323,3500,97852.175754
1510.050503,1148,97910.51638
3666.281716,2865,98052.149086
6559.498585,3500,98222.150528
5083.015933,3500,98408.933905
328.92053,346,98427.70751
7128.418429,3500,98617.351944
5035.481941,3500,98790.929084
5390.620658,3500,98962.760524
6187.093984,3500,99147.588875
6165.041265,3500,99322.853558
763.480802,686,99358.066839
6570.721134,3496,99522.409472
1223.049682,970,99568.179097
2391.514534,1178,99627.22548
6132.38068,3500,99798.634431
7078.160923,3500,99970.282536
5114.940051,3500,100131.224374
384.876099,297,100146.455076
